{"search":"","showTags":true,"showAttachments":true,"hideUnresolved":true,"showOrphans":true,"showArrow":false,"textFadeMultiplier":-1.2,"nodeSizeMultiplier":5,"lineSizeMultiplier":0.870786516853933,"centerStrength":0.0337078651685393,"repelStrength":10.3370786516854,"linkStrength":0.466292134831461,"linkDistance":500,"scale":0.2373046875000006}